-- MariaDB dump 10.19  Distrib 10.4.18-MariaDB, for Win64 (AMD64)
--
-- Host: localhost    Database: lol
-- ------------------------------------------------------
-- Server version	10.4.18-MariaDB

/*!40101 SET @OLD_CHARACTER_SET_CLIENT=@@CHARACTER_SET_CLIENT */;
/*!40101 SET @OLD_CHARACTER_SET_RESULTS=@@CHARACTER_SET_RESULTS */;
/*!40101 SET @OLD_COLLATION_CONNECTION=@@COLLATION_CONNECTION */;
/*!40101 SET NAMES utf8mb4 */;
/*!40103 SET @OLD_TIME_ZONE=@@TIME_ZONE */;
/*!40103 SET TIME_ZONE='+00:00' */;
/*!40014 SET @OLD_UNIQUE_CHECKS=@@UNIQUE_CHECKS, UNIQUE_CHECKS=0 */;
/*!40014 SET @OLD_FOREIGN_KEY_CHECKS=@@FOREIGN_KEY_CHECKS, FOREIGN_KEY_CHECKS=0 */;
/*!40101 SET @OLD_SQL_MODE=@@SQL_MODE, SQL_MODE='NO_AUTO_VALUE_ON_ZERO' */;
/*!40111 SET @OLD_SQL_NOTES=@@SQL_NOTES, SQL_NOTES=0 */;



--
-- Database: `LOL`
--
CREATE DATABASE IF NOT EXISTS `LOL` DEFAULT CHARACTER SET latin1 COLLATE latin1_german1_ci;
USE `LOL`;

-- --------------------------------------------------------



--
-- Table structure for table `champ`
--

DROP TABLE IF EXISTS `champ`;
/*!40101 SET @saved_cs_client     = @@character_set_client */;
/*!40101 SET character_set_client = utf8 */;
CREATE TABLE `champ` (
  `C_ID` int(50) NOT NULL,
  `CR_ID` int(5) NOT NULL,
  `C_Name` varchar(45) NOT NULL,
  PRIMARY KEY (`C_ID`),
  KEY `CR_ID` (`CR_ID`)
) ENGINE=InnoDB DEFAULT CHARSET=utf8mb4;
/*!40101 SET character_set_client = @saved_cs_client */;

--
-- Dumping data for table `champ`
--

LOCK TABLES `champ` WRITE;
/*!40000 ALTER TABLE `champ` DISABLE KEYS */;
INSERT INTO `champ` VALUES (1,3,'Ahri'),(2,3,'Akali'),(3,4,'Ash'),(4,5,'Brand'),(5,4,'Caitlyn'),(6,2,'Diana'),(7,2,'Evelynn'),(8,1,'Gangplank'),(9,2,'Gragas'),(10,1,'Irelia'),(11,1,'Jax'),(12,5,'Karma'),(13,5,'Lux'),(14,4,'Miss Fortune'),(15,5,'Morgana');
/*!40000 ALTER TABLE `champ` ENABLE KEYS */;
UNLOCK TABLES;

--
-- Table structure for table `faehigkeiten`
--

DROP TABLE IF EXISTS `faehigkeiten`;
/*!40101 SET @saved_cs_client     = @@character_set_client */;
/*!40101 SET character_set_client = utf8 */;
CREATE TABLE `faehigkeiten` (
  `F_ID` int(50) NOT NULL,
  `Q` varchar(500) NOT NULL,
  `W` varchar(500) NOT NULL,
  `E` varchar(550) NOT NULL,
  `R` varchar(500) NOT NULL,
  PRIMARY KEY (`F_ID`),
  CONSTRAINT `fk_Faehigkeiten` FOREIGN KEY (`F_ID`) REFERENCES `Champ` (`C_ID`)
) ENGINE=InnoDB DEFAULT CHARSET=utf8mb4;
/*!40101 SET character_set_client = @saved_cs_client */;

--
-- Dumping data for table `faehigkeiten`
--

LOCK TABLES `faehigkeiten` WRITE;
/*!40000 ALTER TABLE `faehigkeiten` DISABLE KEYS */;
INSERT INTO `faehigkeiten` VALUES (1,'KUGEL DER TÄUSCHUNG: Ahri sendet ihre Kugel aus und holt sie wieder zur?ck, wobei sie auf dem Hinweg magischen Schaden und auf dem R?ckweg absoluten Schaden verursacht.','FUCHSFEUER: Ahri erhält einen kurzen Lauftemposchub und entfesselt drei Fuchsfeuer, die nahe Gegner suchen und angreifen.','BEZAUBERN: Ahri wirft einen Handkuss, der einem getroffenen Gegner Schaden zuf?gt, ihn bezaubert und sofortige Bewegungsunf?higkeit bewirkt. Bezauberte Gegner torkeln wehrlos auf Ahri zu. Das Ziel erleidet vor?bergehend erh?hten Schaden durch Ahri','GEISTERHAST: Ahri springt nach vorn und feuert Essenzgeschosse ab, die an nahen Gegnern Schaden verursachen. Geisterhast kann bis zu 3-mal aktiviert werden, bevor sie abklingt.'),(2,'FÜNF-PUNKT-ANGRIFF: Akali wirft fünf Kunai und verursacht Schaden basierend auf ihrem zusätzlichen Angriffsschaden sowie ihrer Fähigkeitsstärke. Getroffene Gegner werden außerdem verlangsamt.','ZWIELICHT-SCHLEIER: Akali tarnt sich mit einer Rauchwolke und erhält kurzzeitig erhöhtes Lauftempo. Innerhalb des Schleiers ist Akali unsichtbar und kann nicht von gegnerischen Fähigkeiten oder Angriffen anvisiert werden. Wenn sie angreift oder Fähigkeiten einsetzt, wird sie kurz sichtbar.','SHURIKEN-SALTO: Akali macht einen Salto rückwärts und wirft einen Shuriken nach vorne, der magischen Schaden verursacht. Der erste getroffene Gegner oder die erste getroffene Rauchwolke wird markiert. Aktiviere die Fähigkeit erneut, um zum markierten Ziel zu springen und zusätzlichen Schaden zu verursachen.','PERFEKTE AUSFÜHRUNG: Akali rennt in eine Richtung und verursacht an getroffenen Gegnern Schaden. 2. Aktivierung: Akali springt in eine Richtung und exekutiert alle getroffenen Gegner.'),(3,'FOKUS DER WALDLÄUFERIN: Ashe baut durch Angriffe Fokus auf. Bei maximalem Fokus kann Ashe Fokus der Waldläuferin aktivieren, was alle Fokus-Steigerungen verbraucht, vorübergehend ihr Angriffstempo erhöht und ihre normalen Angriffe während der Wirkungsdauer in einen mächtigen Pfeilhagel verwandelt.','SALVE: Ashe feuert kegelförmig Pfeile ab und verursacht erhöhten Schaden. Löst außerdem Frostschuss aus.','HABICHT-SCHUSS: Ashe schickt ihren Habicht auf eine Erkundungsmission über die Karte.','VERZAUBERTER KRISTALLPFEIL: Ashe feuert einen Eispfeil in gerader Linie ab. Wenn der Pfeil einen gegnerischen Champion trifft, verursacht er Schaden und betäubt den Champion. Die Dauer wächst mit der Flugstrecke des Pfeils. Außerdem erleiden gegnerische Einheiten in der Nähe Schaden und werden verlangsamt. '),(4,'VERSENGEN: Brand schleudert einen Feuerball, der magischen Schaden verursacht. Ist das Ziel in Flammen gehüllt, wird es durch Versengen 1,5 Sekunden lang betäubt.','FLAMMENSÄULE: Nach kurzer Verzögerung erschafft Brand eine Flammensäule im Zielbereich, die an allen Gegnern magischen Schaden verursacht. Ist ein Ziel in Flammen gehüllt, erleidet es 25 % zusätzlichen Schaden.','FEUERSBRUNST: Brand beschwört eine gewaltige Explosion bei seinem Ziel, die sich auf nahe Gegner ausbreitet und ihnen magischen Schaden zufügt. Ist das Ziel in Flammen gehüllt, breitet sich Feuersbrunst auf doppelt so viele Gegner aus.','PYROKLASMUS: Brand entfesselt einen verheerenden Feuerwirbel, der bis zu 5-mal von Brand auf Gegner in der Nähe überspringt und Gegnern bei jedem Sprung magischen Schaden zufügt. überspringende Feuerwirbel priorisieren das Steigern von Glut bei Champions. Wenn ein Ziel in Flammen gehüllt ist, verlangsamt Pyroklasmus es kurzzeitig.'),(5,'PILTOVER-FRIEDENSSTIFTER: Caitlyn legt ihr Gewehr 1 Sekunde lang an und feuert einen durchdringenden Schuss ab, der normalen Schaden verursacht (weitere von „Piltover-Friedensstifter“ getroffene Gegner erleiden weniger Schaden).','YORDLE-SCHLAGFALLE: Caitlyn stellt eine Falle, um hinterhältige Yordle zu finden. Wenn ein Gegner die Falle auslöst, wird er 1,5 Sekunden aufgedeckt und bewegungsunfähig gemacht. Caitlyn erhält dabei die Chance auf einen verstärkten Kopfschuss.','KALIBER 90-NETZ: Caitlyn feuert ein schweres Netz, das ihr Ziel verlangsamt und sie zurückstößt.','ASS IM ÄRMEL: Caitlyn nimmt sich die Zeit für einen perfekten Schuss, wonach sie an einem einzigen Ziel gewaltigen Schaden auf sehr große Distanz anrichtet. Gegnerische Champions können die Kugel für ihre Verbündeten abfangen.'),(6,'MONDSICHEL-SCHWUNG: Entfesselt einen Stoß lunarer Energie in einem Bogen, der magischen Schaden verursacht. Belegt getroffene Gegner mit „Mondlicht“, was sie 3 Sekunden lang aufdeckt, falls sie nicht getarnt sind.','FAHLE KASKADE: Diana erschafft 3 um sie kreisende Sphären, die beim Kontakt mit Gegnern detonieren und Schaden in einem Bereich verursachen. Sie erhält außerdem vorübergehend einen Schild, der Schaden absorbiert. Wenn die dritte Sphäre detoniert, wird der Schild zusätzlich verstärkt.','MONDHAST: Diana wird zur lebenden Verkörperung des rachsüchtigen Mondes, springt zu einem Gegner und verursacht magischen Schaden. „Mondhast“ hat keine Abklingzeit, wenn Diana damit zu einem Gegner springt, der mit „Mondlicht“ belegt ist. „Mondlicht“ wird dabei von allen anderen Gegnern entfernt, unabhängig davon, ob sie das Ziel von „Mondhast“ waren.','MONDSUCHT: Diana deckt alle Gegner in der Nähe auf, zieht sie heran und verlangsamt sie. Wenn Diana einen oder mehr gegnerische Champions heranzieht, fällt nach kurzer Verzögerung das Mondlicht auf sie herab. Dieses verursacht im Bereich um sie herum magischen Schaden und wird für jedes herangezogene Ziel nach dem ersten erhöht.'),(7,'HASSAUSBRUCH: Evelynn schlägt mit ihren Peitschenschwingen zu und fügt der ersten getroffenen Einheit Schaden zu. Danach kann Evelynn ihre nahen Gegner bis zu 3 Mal mit Stacheln durchbohren.','TÖDLICHE VERLOCKUNG: Evelynn belegt ihr Ziel mit einem Fluch, wodurch ihr nächster Angriff oder ihre nächste gewirkte Fähigkeit nach einer Verzögerung ihr Ziel bezaubert und seine Magieresistenz verringert.','PEITSCHENSCHLAG: Evelynn führt mit ihren Schwingen einen Peitschenschlag auf ihr Ziel aus und fügt ihm dabei Schaden zu. Danach ist ihr Lauftempo für kurze Zeit erhöht.','LETZTE LIEBKOSUNG: Evelynn kann für kurze Zeit nicht anvisiert werden und dezimiert die Gegner im Bereich vor sich, bevor sie sich über eine große Strecke nach hinten teleportiert.'),(8,'PARRRLAY: Schießt auf das Ziel und plündert Gold über jede getötete gegnerische Einheit.','SKORBUT HEILEN: Isst Zitrusfrüchte, um Massenkontrolleffekte zu heilen und Leben wiederherzustellen.','PULVERFASS: Gangplank stellt am Zielort ein Pulverfass auf. Greift er es an, explodiert es und verursacht den Schaden des Angriffs an Gegnern in der Umgebung und verlangsamt sie.','KANONENSPERRFEUER: Gangplank signalisiert seinem Schiff, ein Gebiet unter Beschuss zu nehmen, verlangsamt Gegner und verursacht Schaden.'),(9,'GEROLLTES FASS: Gragas rollt sein Fass zu einem Zielort. Das Fass kann entweder manuell zur Explosion gebracht werden oder es explodiert nach 4 Sekunden automatisch. Die Stärke der Explosion nimmt mit der Zeit zu. Gegner, die von der Explosion erfasst werden, werden verlangsamt.','BETRUNKENE WUT: Gragas säuft 1 Sekunde lang aus seinem Fass. Danach verfällt er in einen Rausch, verursacht mit seinem nächsten normalen Angriff magischen Schaden an allen nahen Gegnern und erleidet selbst weniger Schaden.','KILLERPLAUZE: Gragas stürmt zum Zielort, rammt den ersten Gegner, der ihm über den Weg läuft, mit seinem Bauch, verursacht an allen nahen Gegnern Schaden und betäubt sie.','EXPLOSIVES FASS: Gragas schleudert sein Fass zum Zielort, verursacht Schaden und stößt getroffene Gegner im Explosionsradius zurück.'),(10,'STÜRMENDE KLINGE: Irelia springt nach vorne, um ihr Ziel zu treffen, und heilt sich. Wenn das Ziel markiert ist oder durch „Stürmende Klinge“ stirbt, wird die Abklingzeit der Fähigkeit zurückgesetzt.','TANZENDER WIDERSTAND: Irelia lädt einen Angriff auf, der mehr Schaden verursacht, je länger sie ihn auflädt. Sie selbst erleidet während des Aufladens verringerten normalen Schaden.','MAKELLOSES DUETT: Irelia sendet 2 Klingen aus, die daraufhin aufeinander zufliegen. Getroffene Gegner werden betäubt, erleiden Schaden und werden markiert.','EINE KLINGENLÄNGE VORAUS: Irelia schleudert eine große Anzahl an Klingen, die sich explosionsartig nach außen auffächern, wenn ein gegnerischer Champion getroffen wurde. Gegner, die von den Klingen getroffen werden, erleiden Schaden und werden markiert. Danach formen die Klingen eine Mauer, die Gegner verletzt und verlangsamt, wenn sie sich hindurchbewegen.'),(11,'SPRUNGSCHLAG: Jax springt zu einer Einheit. Ist dies ein Gegner, schlägt er diesen mit seiner Waffe.','VERSTÄRKUNG: Jax lädt seine Waffe mit Energie auf, wodurch sein nächster Angriff zusätzlichen Schaden verursachen wird.','GEGENSCHLAG: Jax\' Kampfgeschick erlaubt es ihm, kurzzeitig allen Angriffen auszuweichen und dann mit einem schnellen Gegenangriff umstehende Gegner zu betäuben.','MACHT DES GROSSMEISTERS: Jeder 3. aufeinanderfolgende Angriff verursacht zusätzlichen magischen Schaden. Jax kann diese Fähigkeit zudem aktivieren, um seine Entschlossenheit zu stärken, wodurch er kurzzeitig seine Rüstung und seine Magieresistenz erhöht.'),(12,'INNERES FEUER: Karma sendet einen Ball aus Geistenergie aus, der explodiert und Schaden verursacht, sobald er auf eine gegnerische Einheit trifft. Mantra-Bonus: Zusätzlich zur Explosion erhöht „Mantra“ die zerstörerische Kraft von „Inneres Feuer“ und schafft einen Kataklysmus, der nach einer kurzen Verzögerung Schaden verursacht.','KONZENTRIERTE ENTSCHLOSSENHEIT: Karma stellt eine Verbindung zwischen sich und einem anvisierten Gegner her, die Schaden verursacht und diesen aufdeckt. Sollte die Verbindung nicht unterbrochen werden, wird der Gegner festgehalten und erleidet erneut Schaden. Mantra-Bonus: Karma verstärkt die Verbindung, wodurch sie sich selbst heilt und die Dauer des Festhaltens ausweitet.','INSPIRIEREN: Karma beschwört einen schützenden Schild, der eingehenden Schaden absorbiert und das Lauftempo geschützter Verbündeter erhöht. Mantra-Bonus: Energie strömt aus ihrem Ziel und stärkt den ursprünglichen Schild. Verbündete Champions in der Nähe erhalten „Inspirieren“.','MANTRA: Karma verstärkt ihre nächste gewirkte Fähigkeit mit einem zusätzlichen Effekt. „Mantra“ ist bereits auf Stufe 1 verfügbar und muss nicht erst erlernt werden.'),(13,'LICHTFESSEL: Lux schleudert eine Kugel aus Licht, die bis zu 2 gegnerische Einheiten festhält und diesen Schaden zufügt.','PRISMATISCHE BARRIERE: Lux wirft ihren Zauberstab und krümmt so das Licht um alle getroffenen verbündeten Ziele, wodurch diese vor gegnerischem Schaden geschützt werden.','SCHILLERNDE SINGULARITÄT: Schleudert eine Anomalie aus verwirbeltem Licht in ein Gebiet, das Gegner in der Nähe verlangsamt. Lux kann sie sprengen, um an Gegnern im Wirkbereich Schaden zu verursachen.','FINALES FUNKELN: Nachdem Lux genug Energie aufgeladen hat, setzt sie einen Lichtstrahl frei, der allen Zielen im Wirkbereich Schaden zufügt. Außerdem wird Lux\' passive Fähigkeit ausgelöst und die Dauer des „Erleuchtung“-Debuffs erneuert.'),(14,'DURCHSCHUSS: Miss Fortune feuert eine Kugel auf einen Gegner, die diesen durchschlägt und ein weiteres Ziel hinter ihm trifft. Beide Treffer können ebenfalls „Anstupsen“ auslösen.','LANDGANG: Miss Fortune erhält passiv Lauftempo, wenn sie nicht angegriffen wird. Diese Fähigkeit kann aktiviert werden, um für kurze Zeit zusätzliches Angriffstempo zu erhalten. „Anstupsen“ reduziert die verbleibende Abklingzeit von „Landgang“.','KUGELHAGEL: Miss Fortune deckt mit ihrem Kugelhagel ein Gebiet auf, wodurch getroffene Gegner mehrmals Schaden erleiden und verlangsamt werden.','FEUER FREI!: Miss Fortune deckt einen kegelförmigen Bereich vor ihr mit einem Trommelfeuer ein und fügt getroffenen Gegnern enormen Schaden zu. Jede Welle von „Feuer Frei!“ kann kritisch treffen.'),(15,'DUNKLE BINDUNG: Morgana fesselt einen Gegner mit dunkler Magie an Ort und Stelle und zwingt ihn dazu, sein verursachtes Leid am eigenen Körper zu spüren. Dabei fügt sie ihm magischen Schaden zu.','GEPEINIGTER SCHATTEN: Morgana wirft einen verfluchten Schatten über ein Gebiet und verursacht Schaden an allen Gegnern, die es wagen, sich in ihrem dunklen Kreis aufzuhalten. Sie erleiden magischen Schaden über Zeit, der immer höher ausfällt, je weniger Leben sie haben.','SCHWARZER SCHILD: Morgana hüllt einen Verbündeten in einen Schutzschild aus Sternenfeuer, der magischen Schaden und kampfunfähig machende Effekte absorbiert, bis er durchbrochen wird.','SEELENFESSEL: Morgana entfesselt ihre vollständige himmlische Macht, während sie ihre gebundenen Flügel befreit und in der Luft schwebt. Sie wirft Ketten aus dunklem Schmerz auf nahe gegnerische Champions und erhält Lauftempo in ihre Richtung. Die Ketten verlangsamen ihr Ziel und fügen anfänglichen Schaden zu. Kurze Zeit später betäuben sie alle, die sich nicht von ihnen befreien können.');
/*!40000 ALTER TABLE `faehigkeiten` ENABLE KEYS */;
UNLOCK TABLES;

--
-- Table structure for table `rolle`
--

DROP TABLE IF EXISTS `rolle`;
/*!40101 SET @saved_cs_client     = @@character_set_client */;
/*!40101 SET character_set_client = utf8 */;
CREATE TABLE `rolle` (
  `R_ID` int(5) NOT NULL,
  `R_Name` varchar(45) NOT NULL,
  `Lane` varchar(30) NOT NULL,
  PRIMARY KEY (`R_ID`)
) ENGINE=InnoDB DEFAULT CHARSET=utf8mb4;
/*!40101 SET character_set_client = @saved_cs_client */;

--
-- Dumping data for table `rolle`
--

LOCK TABLES `rolle` WRITE;
/*!40000 ALTER TABLE `rolle` DISABLE KEYS */;
INSERT INTO `rolle` VALUES (1,'Top Laner','Top'),(2,'Jungler','Jgl'),(3,'Mid Laner','Mid'),(4,'ADC','Bot'),(5,'Support','Bot');
/*!40000 ALTER TABLE `rolle` ENABLE KEYS */;
UNLOCK TABLES;
/*!40103 SET TIME_ZONE=@OLD_TIME_ZONE */;


--
-- Table structure for table `haben`
--

DROP TABLE IF EXISTS `haben`;
/*!40101 SET @saved_cs_client     = @@character_set_client */;
/*!40101 SET character_set_client = utf8 */;
CREATE TABLE `haben` (
  `HCR_ID` int(5) NOT NULL,
  `HR_ID` int(5) NOT NULL,
  PRIMARY KEY (`HCR_ID`, `HR_ID`),
  CONSTRAINT `fk_Rolle` FOREIGN KEY (`HR_ID`) REFERENCES `Rolle` (`R_ID`),
  CONSTRAINT `fk_Champ` FOREIGN KEY (`HCR_ID`) REFERENCES `Champ` (`CR_ID`)
  
) ENGINE=InnoDB DEFAULT CHARSET=utf8mb4;
/*!40101 SET character_set_client = @saved_cs_client */;

--
-- Dumping data for table `faehigkeiten`
--

LOCK TABLES `faehigkeiten` WRITE;
/*!40000 ALTER TABLE `faehigkeiten` DISABLE KEYS */;
INSERT INTO `faehigkeiten` VALUES (1,'KUGEL DER TÄUSCHUNG: Ahri sendet ihre Kugel aus und holt sie wieder zur?ck, wobei sie auf dem Hinweg magischen Schaden und auf dem R?ckweg absoluten Schaden verursacht.','FUCHSFEUER: Ahri erhält einen kurzen Lauftemposchub und entfesselt drei Fuchsfeuer, die nahe Gegner suchen und angreifen.','BEZAUBERN: Ahri wirft einen Handkuss, der einem getroffenen Gegner Schaden zuf?gt, ihn bezaubert und sofortige Bewegungsunf?higkeit bewirkt. Bezauberte Gegner torkeln wehrlos auf Ahri zu. Das Ziel erleidet vor?bergehend erh?hten Schaden durch Ahri','GEISTERHAST: Ahri springt nach vorn und feuert Essenzgeschosse ab, die an nahen Gegnern Schaden verursachen. Geisterhast kann bis zu 3-mal aktiviert werden, bevor sie abklingt.'),(2,'FÜNF-PUNKT-ANGRIFF: Akali wirft fünf Kunai und verursacht Schaden basierend auf ihrem zusätzlichen Angriffsschaden sowie ihrer Fähigkeitsstärke. Getroffene Gegner werden außerdem verlangsamt.','ZWIELICHT-SCHLEIER: Akali tarnt sich mit einer Rauchwolke und erhält kurzzeitig erhöhtes Lauftempo. Innerhalb des Schleiers ist Akali unsichtbar und kann nicht von gegnerischen Fähigkeiten oder Angriffen anvisiert werden. Wenn sie angreift oder Fähigkeiten einsetzt, wird sie kurz sichtbar.','SHURIKEN-SALTO: Akali macht einen Salto rückwärts und wirft einen Shuriken nach vorne, der magischen Schaden verursacht. Der erste getroffene Gegner oder die erste getroffene Rauchwolke wird markiert. Aktiviere die Fähigkeit erneut, um zum markierten Ziel zu springen und zusätzlichen Schaden zu verursachen.','PERFEKTE AUSFÜHRUNG: Akali rennt in eine Richtung und verursacht an getroffenen Gegnern Schaden. 2. Aktivierung: Akali springt in eine Richtung und exekutiert alle getroffenen Gegner.'),(3,'FOKUS DER WALDLÄUFERIN: Ashe baut durch Angriffe Fokus auf. Bei maximalem Fokus kann Ashe Fokus der Waldläuferin aktivieren, was alle Fokus-Steigerungen verbraucht, vorübergehend ihr Angriffstempo erhöht und ihre normalen Angriffe während der Wirkungsdauer in einen mächtigen Pfeilhagel verwandelt.','SALVE: Ashe feuert kegelförmig Pfeile ab und verursacht erhöhten Schaden. Löst außerdem Frostschuss aus.','HABICHT-SCHUSS: Ashe schickt ihren Habicht auf eine Erkundungsmission über die Karte.','VERZAUBERTER KRISTALLPFEIL: Ashe feuert einen Eispfeil in gerader Linie ab. Wenn der Pfeil einen gegnerischen Champion trifft, verursacht er Schaden und betäubt den Champion. Die Dauer wächst mit der Flugstrecke des Pfeils. Außerdem erleiden gegnerische Einheiten in der Nähe Schaden und werden verlangsamt. '),(4,'VERSENGEN: Brand schleudert einen Feuerball, der magischen Schaden verursacht. Ist das Ziel in Flammen gehüllt, wird es durch Versengen 1,5 Sekunden lang betäubt.','FLAMMENSÄULE: Nach kurzer Verzögerung erschafft Brand eine Flammensäule im Zielbereich, die an allen Gegnern magischen Schaden verursacht. Ist ein Ziel in Flammen gehüllt, erleidet es 25 % zusätzlichen Schaden.','FEUERSBRUNST: Brand beschwört eine gewaltige Explosion bei seinem Ziel, die sich auf nahe Gegner ausbreitet und ihnen magischen Schaden zufügt. Ist das Ziel in Flammen gehüllt, breitet sich Feuersbrunst auf doppelt so viele Gegner aus.','PYROKLASMUS: Brand entfesselt einen verheerenden Feuerwirbel, der bis zu 5-mal von Brand auf Gegner in der Nähe überspringt und Gegnern bei jedem Sprung magischen Schaden zufügt. überspringende Feuerwirbel priorisieren das Steigern von Glut bei Champions. Wenn ein Ziel in Flammen gehüllt ist, verlangsamt Pyroklasmus es kurzzeitig.'),(5,'PILTOVER-FRIEDENSSTIFTER: Caitlyn legt ihr Gewehr 1 Sekunde lang an und feuert einen durchdringenden Schuss ab, der normalen Schaden verursacht (weitere von „Piltover-Friedensstifter“ getroffene Gegner erleiden weniger Schaden).','YORDLE-SCHLAGFALLE: Caitlyn stellt eine Falle, um hinterhältige Yordle zu finden. Wenn ein Gegner die Falle auslöst, wird er 1,5 Sekunden aufgedeckt und bewegungsunfähig gemacht. Caitlyn erhält dabei die Chance auf einen verstärkten Kopfschuss.','KALIBER 90-NETZ: Caitlyn feuert ein schweres Netz, das ihr Ziel verlangsamt und sie zurückstößt.','ASS IM ÄRMEL: Caitlyn nimmt sich die Zeit für einen perfekten Schuss, wonach sie an einem einzigen Ziel gewaltigen Schaden auf sehr große Distanz anrichtet. Gegnerische Champions können die Kugel für ihre Verbündeten abfangen.'),(6,'MONDSICHEL-SCHWUNG: Entfesselt einen Stoß lunarer Energie in einem Bogen, der magischen Schaden verursacht. Belegt getroffene Gegner mit „Mondlicht“, was sie 3 Sekunden lang aufdeckt, falls sie nicht getarnt sind.','FAHLE KASKADE: Diana erschafft 3 um sie kreisende Sphären, die beim Kontakt mit Gegnern detonieren und Schaden in einem Bereich verursachen. Sie erhält außerdem vorübergehend einen Schild, der Schaden absorbiert. Wenn die dritte Sphäre detoniert, wird der Schild zusätzlich verstärkt.','MONDHAST: Diana wird zur lebenden Verkörperung des rachsüchtigen Mondes, springt zu einem Gegner und verursacht magischen Schaden. „Mondhast“ hat keine Abklingzeit, wenn Diana damit zu einem Gegner springt, der mit „Mondlicht“ belegt ist. „Mondlicht“ wird dabei von allen anderen Gegnern entfernt, unabhängig davon, ob sie das Ziel von „Mondhast“ waren.','MONDSUCHT: Diana deckt alle Gegner in der Nähe auf, zieht sie heran und verlangsamt sie. Wenn Diana einen oder mehr gegnerische Champions heranzieht, fällt nach kurzer Verzögerung das Mondlicht auf sie herab. Dieses verursacht im Bereich um sie herum magischen Schaden und wird für jedes herangezogene Ziel nach dem ersten erhöht.'),(7,'HASSAUSBRUCH: Evelynn schlägt mit ihren Peitschenschwingen zu und fügt der ersten getroffenen Einheit Schaden zu. Danach kann Evelynn ihre nahen Gegner bis zu 3 Mal mit Stacheln durchbohren.','TÖDLICHE VERLOCKUNG: Evelynn belegt ihr Ziel mit einem Fluch, wodurch ihr nächster Angriff oder ihre nächste gewirkte Fähigkeit nach einer Verzögerung ihr Ziel bezaubert und seine Magieresistenz verringert.','PEITSCHENSCHLAG: Evelynn führt mit ihren Schwingen einen Peitschenschlag auf ihr Ziel aus und fügt ihm dabei Schaden zu. Danach ist ihr Lauftempo für kurze Zeit erhöht.','LETZTE LIEBKOSUNG: Evelynn kann für kurze Zeit nicht anvisiert werden und dezimiert die Gegner im Bereich vor sich, bevor sie sich über eine große Strecke nach hinten teleportiert.'),(8,'PARRRLAY: Schießt auf das Ziel und plündert Gold über jede getötete gegnerische Einheit.','SKORBUT HEILEN: Isst Zitrusfrüchte, um Massenkontrolleffekte zu heilen und Leben wiederherzustellen.','PULVERFASS: Gangplank stellt am Zielort ein Pulverfass auf. Greift er es an, explodiert es und verursacht den Schaden des Angriffs an Gegnern in der Umgebung und verlangsamt sie.','KANONENSPERRFEUER: Gangplank signalisiert seinem Schiff, ein Gebiet unter Beschuss zu nehmen, verlangsamt Gegner und verursacht Schaden.'),(9,'GEROLLTES FASS: Gragas rollt sein Fass zu einem Zielort. Das Fass kann entweder manuell zur Explosion gebracht werden oder es explodiert nach 4 Sekunden automatisch. Die Stärke der Explosion nimmt mit der Zeit zu. Gegner, die von der Explosion erfasst werden, werden verlangsamt.','BETRUNKENE WUT: Gragas säuft 1 Sekunde lang aus seinem Fass. Danach verfällt er in einen Rausch, verursacht mit seinem nächsten normalen Angriff magischen Schaden an allen nahen Gegnern und erleidet selbst weniger Schaden.','KILLERPLAUZE: Gragas stürmt zum Zielort, rammt den ersten Gegner, der ihm über den Weg läuft, mit seinem Bauch, verursacht an allen nahen Gegnern Schaden und betäubt sie.','EXPLOSIVES FASS: Gragas schleudert sein Fass zum Zielort, verursacht Schaden und stößt getroffene Gegner im Explosionsradius zurück.'),(10,'STÜRMENDE KLINGE: Irelia springt nach vorne, um ihr Ziel zu treffen, und heilt sich. Wenn das Ziel markiert ist oder durch „Stürmende Klinge“ stirbt, wird die Abklingzeit der Fähigkeit zurückgesetzt.','TANZENDER WIDERSTAND: Irelia lädt einen Angriff auf, der mehr Schaden verursacht, je länger sie ihn auflädt. Sie selbst erleidet während des Aufladens verringerten normalen Schaden.','MAKELLOSES DUETT: Irelia sendet 2 Klingen aus, die daraufhin aufeinander zufliegen. Getroffene Gegner werden betäubt, erleiden Schaden und werden markiert.','EINE KLINGENLÄNGE VORAUS: Irelia schleudert eine große Anzahl an Klingen, die sich explosionsartig nach außen auffächern, wenn ein gegnerischer Champion getroffen wurde. Gegner, die von den Klingen getroffen werden, erleiden Schaden und werden markiert. Danach formen die Klingen eine Mauer, die Gegner verletzt und verlangsamt, wenn sie sich hindurchbewegen.'),(11,'SPRUNGSCHLAG: Jax springt zu einer Einheit. Ist dies ein Gegner, schlägt er diesen mit seiner Waffe.','VERSTÄRKUNG: Jax lädt seine Waffe mit Energie auf, wodurch sein nächster Angriff zusätzlichen Schaden verursachen wird.','GEGENSCHLAG: Jax\' Kampfgeschick erlaubt es ihm, kurzzeitig allen Angriffen auszuweichen und dann mit einem schnellen Gegenangriff umstehende Gegner zu betäuben.','MACHT DES GROSSMEISTERS: Jeder 3. aufeinanderfolgende Angriff verursacht zusätzlichen magischen Schaden. Jax kann diese Fähigkeit zudem aktivieren, um seine Entschlossenheit zu stärken, wodurch er kurzzeitig seine Rüstung und seine Magieresistenz erhöht.'),(12,'INNERES FEUER: Karma sendet einen Ball aus Geistenergie aus, der explodiert und Schaden verursacht, sobald er auf eine gegnerische Einheit trifft. Mantra-Bonus: Zusätzlich zur Explosion erhöht „Mantra“ die zerstörerische Kraft von „Inneres Feuer“ und schafft einen Kataklysmus, der nach einer kurzen Verzögerung Schaden verursacht.','KONZENTRIERTE ENTSCHLOSSENHEIT: Karma stellt eine Verbindung zwischen sich und einem anvisierten Gegner her, die Schaden verursacht und diesen aufdeckt. Sollte die Verbindung nicht unterbrochen werden, wird der Gegner festgehalten und erleidet erneut Schaden. Mantra-Bonus: Karma verstärkt die Verbindung, wodurch sie sich selbst heilt und die Dauer des Festhaltens ausweitet.','INSPIRIEREN: Karma beschwört einen schützenden Schild, der eingehenden Schaden absorbiert und das Lauftempo geschützter Verbündeter erhöht. Mantra-Bonus: Energie strömt aus ihrem Ziel und stärkt den ursprünglichen Schild. Verbündete Champions in der Nähe erhalten „Inspirieren“.','MANTRA: Karma verstärkt ihre nächste gewirkte Fähigkeit mit einem zusätzlichen Effekt. „Mantra“ ist bereits auf Stufe 1 verfügbar und muss nicht erst erlernt werden.'),(13,'LICHTFESSEL: Lux schleudert eine Kugel aus Licht, die bis zu 2 gegnerische Einheiten festhält und diesen Schaden zufügt.','PRISMATISCHE BARRIERE: Lux wirft ihren Zauberstab und krümmt so das Licht um alle getroffenen verbündeten Ziele, wodurch diese vor gegnerischem Schaden geschützt werden.','SCHILLERNDE SINGULARITÄT: Schleudert eine Anomalie aus verwirbeltem Licht in ein Gebiet, das Gegner in der Nähe verlangsamt. Lux kann sie sprengen, um an Gegnern im Wirkbereich Schaden zu verursachen.','FINALES FUNKELN: Nachdem Lux genug Energie aufgeladen hat, setzt sie einen Lichtstrahl frei, der allen Zielen im Wirkbereich Schaden zufügt. Außerdem wird Lux\' passive Fähigkeit ausgelöst und die Dauer des „Erleuchtung“-Debuffs erneuert.'),(14,'DURCHSCHUSS: Miss Fortune feuert eine Kugel auf einen Gegner, die diesen durchschlägt und ein weiteres Ziel hinter ihm trifft. Beide Treffer können ebenfalls „Anstupsen“ auslösen.','LANDGANG: Miss Fortune erhält passiv Lauftempo, wenn sie nicht angegriffen wird. Diese Fähigkeit kann aktiviert werden, um für kurze Zeit zusätzliches Angriffstempo zu erhalten. „Anstupsen“ reduziert die verbleibende Abklingzeit von „Landgang“.','KUGELHAGEL: Miss Fortune deckt mit ihrem Kugelhagel ein Gebiet auf, wodurch getroffene Gegner mehrmals Schaden erleiden und verlangsamt werden.','FEUER FREI!: Miss Fortune deckt einen kegelförmigen Bereich vor ihr mit einem Trommelfeuer ein und fügt getroffenen Gegnern enormen Schaden zu. Jede Welle von „Feuer Frei!“ kann kritisch treffen.'),(15,'DUNKLE BINDUNG: Morgana fesselt einen Gegner mit dunkler Magie an Ort und Stelle und zwingt ihn dazu, sein verursachtes Leid am eigenen Körper zu spüren. Dabei fügt sie ihm magischen Schaden zu.','GEPEINIGTER SCHATTEN: Morgana wirft einen verfluchten Schatten über ein Gebiet und verursacht Schaden an allen Gegnern, die es wagen, sich in ihrem dunklen Kreis aufzuhalten. Sie erleiden magischen Schaden über Zeit, der immer höher ausfällt, je weniger Leben sie haben.','SCHWARZER SCHILD: Morgana hüllt einen Verbündeten in einen Schutzschild aus Sternenfeuer, der magischen Schaden und kampfunfähig machende Effekte absorbiert, bis er durchbrochen wird.','SEELENFESSEL: Morgana entfesselt ihre vollständige himmlische Macht, während sie ihre gebundenen Flügel befreit und in der Luft schwebt. Sie wirft Ketten aus dunklem Schmerz auf nahe gegnerische Champions und erhält Lauftempo in ihre Richtung. Die Ketten verlangsamen ihr Ziel und fügen anfänglichen Schaden zu. Kurze Zeit später betäuben sie alle, die sich nicht von ihnen befreien können.');
/*!40000 ALTER TABLE `faehigkeiten` ENABLE KEYS */;
UNLOCK TABLES;

/*!40101 SET SQL_MODE=@OLD_SQL_MODE */;
/*!40014 SET FOREIGN_KEY_CHECKS=@OLD_FOREIGN_KEY_CHECKS */;
/*!40014 SET UNIQUE_CHECKS=@OLD_UNIQUE_CHECKS */;
/*!40101 SET CHARACTER_SET_CLIENT=@OLD_CHARACTER_SET_CLIENT */;
/*!40101 SET CHARACTER_SET_RESULTS=@OLD_CHARACTER_SET_RESULTS */;
/*!40101 SET COLLATION_CONNECTION=@OLD_COLLATION_CONNECTION */;
/*!40111 SET SQL_NOTES=@OLD_SQL_NOTES */;

-- Dump completed on 2021-06-06 20:33:18
